first_name,last_name,email,gender,ip
Elwin,Gait,egait0@squarespace.com,Male,8.221.162.203
Victoir,Peperell,vpeperell1@statcounter.com,Male,155.149.161.245
Merrily,Albion,malbion2@nbcnews.com,Female,186.101.128.251
Lauraine,Pumfrett,lpumfrett3@homestead.com,Female,238.154.31.223
April,Scolts,ascolts4@webmd.com,Female,212.87.17.69
Curtis,Purkess,cpurkess5@yandex.ru,Male,76.104.25.59
Kort,Binestead,kbinestead6@japanpost.jp,Male,82.126.48.46
Modesta,Presho,mpresho7@cnbc.com,Female,118.5.10.98
Torrie,Phippen,tphippen8@vinaora.com,Female,132.138.103.6
Larine,Halpeine,lhalpeine9@live.com,Female,157.248.106.113
Kerr,Klimkowski,kklimkowskia@technorati.com,Male,25.147.46.212
Adria,Dekeyser,adekeyserb@wunderground.com,Female,233.162.7.84
Arleyne,Hefferan,ahefferanc@themeforest.net,Female,218.106.155.180
Nataniel,Ollin,nollind@furl.net,Male,43.61.145.211
Mario,Truss,mtrusse@com.com,Male,5.145.234.150
Jervis,Demange,jdemangef@moonfruit.com,Male,160.171.3.250
Humfrid,Roggerone,hroggeroneg@foxnews.com,Male,78.10.29.44
Raphael,Eighteen,reighteenh@eepurl.com,Male,139.139.61.193
Dermot,Slatcher,dslatcheri@pinterest.com,Male,148.10.253.193
Koo,Andrzejowski,kandrzejowskij@ed.gov,Female,162.239.156.70
